{
  "chain_name": "empower",
  "coingecko": "empower",
  "api": ["https://empower-testnet-api.polkachu.com"],
  "rpc": ["https://empower-testnet-rpc.polkachu.com"],
  "snapshot_provider": "",
  "sdk_version": "0.46.1",
  "coin_type": "118",
  "min_tx_fee": "5000",
  "addr_prefix": "empower",
  "logo": "/logos/empower.png",
  "assets": [
    {
      "base": "umpwr",
      "symbol": "MPWR",
      "exponent": "6",
      "coingecko_id": "altruistic-1",
      "logo": "/logos/empowers.png"
    }
  ]
}
