{
    "chain_name": "haqq",
    "coingecko": "",
    "api": ["https://rest.cosmos.testedge2.haqq.network/"],
    "rpc": ["https://rpc.tm.testedge2.haqq.network/"],
    "snapshot_provider": "",
    "sdk_version": "0.45.3",
    "coin_type": "60",
    "min_tx_fee": "3000000000000000",
    "addr_prefix": "haqq",
    "logo": "/logos/haqq.svg",
    "assets": [{
        "base": "aISLM",
        "symbol": "ISLM",
        "exponent": "18",
        "coingecko_id": "",
        "logo": "/logos/islm.svg"
    }]
}
