{
  "chain_name": "nois",
  "api": [
    "https://nois-testnet-api.polkachu.com",
    "http://node-0.noislabs.com:1317",
    "http://node-1.noislabs.com:1317",
    "http://node-2.noislabs.com:1317",
    "http://node-3.noislabs.com:1317"
  ],
  "rpc": [
    "https://nois-testnet-rpc.polkachu.com",
    "http://node-0.noislabs.com:26657",
    "http://node-1.noislabs.com:26657",
    "http://node-2.noislabs.com:26657",
    "http://node-3.noislabs.com:26657"
  ],
  "sdk_version": "0.45.5",
  "addr_prefix": "nois",
  "min_tx_fee": "5000",
  "logo": "/logos/nois.svg",
  "assets": [
    {
      "symbol": "NOIS",
      "base": "unois",
      "exponent": 6,
      "logo": "/logos/nois.svg"
    }
  ]
}
