{
    "chain_name": "quasar",
    "coingecko": "",
    "api": ["https://quasar-testnet-api.polkachu.com","https://quasar-testnet-api.swiss-staking.ch"],
    "rpc": ["https://quasar-testnet-rpc.polkachu.com","https://quasar-testnet-rpc.swiss-staking.ch","https://questnet.quasar-finance.rhinostake.com"],
    "sdk_version": "0.46.4",
    "coin_type": 118,
    "min_tx_fee": "8000",
    "addr_prefix": "quasar",
    "logo": "/logos/quasar.png",
    "assets": [
      {
        "base": "uqsr",
        "symbol": "QSR",
        "exponent": 6,
        "coingecko_id": "",
        "logo": "/logos/quasar.png"
      },
      {
        "base": "uayy",
        "symbol": "AYY",
        "exponent": 6,
        "coingecko_id": "",
        "logo": ""
      },
      {
        "base": "uoro",
        "symbol": "ORO",
        "exponent": 6,
        "coingecko_id": "",
        "logo": ""
      }
    ]
}
